"COUNTRY","CODE","Domestic_2000","Domestic_yr_2000","Industry_2000","Industry_yr_2000","Agricultur_2000","Agricultur_yr_2000","withdrawal_2000","withdrawal_yr_2000","Resources_2000","Resources_yr_2000","Domestic_2010","Domestic_yr_2010","Industry_2010","Industry_yr_2010","Agricultur_2010","Agricultur_yr_2010","withdrawal_2010","withdrawal_yr_2010","Resources_2010","Resources_yr_2010","Domestic_2021","Domestic_yr_2021","Industry_2021","Industry_yr_2021","Agricultur_2021","Agricultur_yr_2021","withdrawal_2021","withdrawal_yr_2021","Resources_2021","Resources_yr_2021"
"Algeria","ALG",1.721,2000,0.5,2000,3.429090909,2000,5.650090909,2000,11.667,2000,2.8035,2010,0.429166667,2010,4.719454546,2010,7.952121212,2010,11.667,2010,3.283,2021,0.206,2021,7.132,2021,10.621,2021,11.667,2021
"Angola","ANG",0.246,2000,0.1845,2000,0.21,2000,0.6405,2000,148.4,2000,0.3195,2010,0.2396,2010,0.1467,2010,0.7058,2010,148.4,2010,0.3195,2021,0.2396,2021,0.1467,2021,0.7058,2021,148.4,2021
"Benin","BEN",0.039857143,2000,0.0290625,2000,0.064428571,2000,0.133348214,2000,26.39,2000,0.119428571,2010,0.03,2010,0.059,2010,0.208428571,2010,26.39,2010,0.145,2021,0.03,2021,0.059,2021,0.234,2021,26.39,2021
"Botswana","BOT",0.079,2000,0.035,2000,0.08,2000,0.194,2000,12.24,2000,0.089966667,2010,0.033566667,2010,0.074818182,2010,0.198351515,2010,12.24,2010,0.128071636,2021,0.027550337,2021,0.077999538,2021,0.233621511,2021,12.24,2021
"Burkina Faso","BUF",0.2789,2000,0.0161,2000,0.407622222,2000,0.702622222,2000,13.5,2000,0.3756,2010,0.0217,2010,0.4207,2010,0.818,2010,13.5,2010,0.3756,2021,0.0217,2021,0.4207,2021,0.818,2021,13.5,2021
"Burundi","BUR",0.049,2000,0.017,2000,0.222,2000,0.288,2000,12.536,2000,0.0431,2010,0.015,2010,0.222,2010,0.2801,2010,12.536,2010,0.0431,2021,0.015,2021,0.222,2021,0.2801,2021,12.536,2021
"Cameroon","CAM",0.1611,2000,0.0683,2000,0.737,2000,0.9664,2000,283.15,2000,0.2468,2010,0.1046,2010,0.737,2010,1.0884,2010,283.15,2010,0.2468,2021,0.1046,2021,0.737,2021,1.0884,2021,283.15,2021
"Cabo Verde","CAP",0.0016,2001,4e-04,2001,0.02,2000,0.02325,2001,0.3,2000,0.08084491,2010,0.001760535,2010,0.050809592,2010,0.133415037,2010,0.3,2010,0.14202642,2021,0.00565432,2021,0.10926951,2021,0.25695025,2021,0.3,2021
"Central African Republic","CAR",0.0548,2000,0.011,2000,4e-04,2000,0.0662,2000,141,2000,0.0601,2010,0.012,2010,4e-04,2010,0.0725,2010,141,2010,0.0601,2021,0.012,2021,4e-04,2021,0.0725,2021,141,2021
"Chad","CHA",0.0885,2000,0.0885,2000,0.602306667,2000,0.779306667,2000,45.7,2000,0.1037,2010,0.1037,2010,0.6722,2010,0.8796,2010,45.7,2010,0.1037,2021,0.1037,2021,0.6722,2021,0.8796,2021,45.7,2021
"Comoros","COM",0.0048,2000,5e-04,2000,0.0047,2000,0.01,2000,1.2,2000,0.0048,2010,5e-04,2010,0.0047,2010,0.01,2010,1.2,2010,0.0048,2021,5e-04,2021,0.0047,2021,0.01,2021,1.2,2021
"Congo","CNG",0.03104,2000,0.010106667,2000,0.004,2000,0.0452,2000,832,2000,0.0637,2010,0.024,2010,0.004,2010,0.0917,2010,832,2010,0.0637,2021,0.024,2021,0.004,2021,0.0917,2021,832,2021
"Cote d'Ivoire","CDI",0.5392,2000,0.2696,2000,0.6,2000,1.4088,2000,84.14,2000,0.4604,2010,0.275777778,2010,0.596866667,2010,1.333044444,2010,84.14,2010,0.32,2021,0.242,2021,0.6,2021,1.162,2021,84.14,2021
"Democratic Republic of the Congo","ZAI",0.3893,2000,0.1229,2000,0.0719,2000,0.5841,2000,1283,2000,0.4649,2010,0.1468,2010,0.0719,2010,0.6836,2010,1283,2010,0.4649,2021,0.1468,2021,0.0719,2021,0.6836,2021,1283,2021
"Djibouti","DJI",0.016,2000,0,2000,0.003,2000,0.019,2000,0.3,2000,0.016,2010,0,2010,0.003,2010,0.019,2010,0.3,2010,0.016,2021,0,2021,0.003,2021,0.019,2021,0.3,2021
"Egypt","EGY",5.3,2000,4,2000,59,2000,68.3,2000,57.5,2000,9,2010,2,2010,67,2010,78,2010,57.5,2010,10.75,2021,5.4,2021,61.35,2021,77.5,2021,57.5,2021
"Equatorial Guinea","EQG",0.0138,2000,0.0026,2000,0.001,2000,0.0174,2000,26,2000,0.0158,2010,0.003,2010,0.001,2010,0.0198,2010,26,2010,0.0158,2021,0.003,2021,0.001,2021,0.0198,2021,26,2021
"Eritrea","ERI",0.0617,2000,0.0617,2000,0.29,2000,0.4134,2000,7.315,2000,0.031,2010,0.001,2010,0.55,2010,0.582,2010,7.315,2010,0.031,2021,0.001,2021,0.55,2021,0.582,2021,7.315,2021
"Ethiopia","ETH",0.333,2002,0.021,2002,5.204,2002,5.558,2002,122,2000,0.81,2010,0.0511,2010,8.221363636,2010,9.082463636,2010,122,2010,0.81,2021,0.0511,2021,9.687,2021,10.5481,2021,122,2021
"Gambia","GAM",0.0339,2000,0.0174,2000,0.0392,2000,0.0905,2000,8,2000,0.0412,2010,0.0212,2010,0.0392,2010,0.1016,2010,8,2010,0.0412,2021,0.0212,2021,0.0392,2021,0.1016,2021,8,2021
"Ghana","GHA",0.235,2000,0.095,2000,0.652,2000,0.982,2000,56.2,2000,0.245,2010,0.095,2010,0.91325,2010,1.25325,2010,56.2,2010,0.2996,2021,0.095,2021,1.07,2021,1.4646,2021,56.2,2021
"Guinea","GIN",0.2083,2000,0.0521,2000,0.317978571,2000,0.578378571,2000,226,2000,0.2268,2010,0.057661539,2010,0.455482353,2010,0.739943891,2010,226,2010,0.23,2021,0.06,2021,0.6,2021,0.89,2021,226,2021
"Guinea-Bissau","GUB",0.023,2000,0.008,2000,0.144,2000,0.175,2000,31.4,2000,0.0341,2010,0.0119,2010,0.144,2010,0.19,2010,31.4,2010,0.0341,2021,0.0119,2021,0.144,2021,0.19,2021,31.4,2021
"Kenya","KEN",0.454538462,2000,0.095384615,2000,1.01,2000,1.559923077,2000,30.7,2000,1.186,2010,0.125,2010,1.907,2010,3.218,2010,30.7,2010,0.495,2021,0.303,2021,3.234,2021,4.032,2021,30.7,2021
"Lesotho","LES",0.02,2000,0.02,2000,0.0038,2000,0.0438,2000,3.022,2000,0.02,2010,0.02,2010,0.0038,2010,0.0438,2010,3.022,2010,0.02,2021,0.02,2021,0.0038,2021,0.0438,2021,3.022,2021
"Liberia","LIB",0.0711,2000,0.0474,2000,0.0123,2000,0.1308,2000,232,2000,0.0802,2010,0.0534,2010,0.0123,2010,0.1459,2010,232,2010,0.0802,2021,0.0534,2021,0.0123,2021,0.1459,2021,232,2021
"Libya","LAJ",0.61,2000,0.132,2000,3.584,2000,4.326,2000,0.7,2000,0.696162077,2010,0.242448187,2010,4.616818308,2010,5.555428571,2010,0.7,2010,0.7,2021,0.28,2021,4.85,2021,5.83,2021,0.7,2021
"Madagascar","MAD",0.2388,2000,0.1308,2000,13,2000,13.3696,2000,337,2000,0.395,2010,0.1619,2010,13,2010,13.5569,2010,337,2010,0.395,2021,0.1619,2021,13,2021,13.5569,2021,337,2021
"Malawi","MAA",0.1196,2000,0.0399,2000,1.07675,2000,1.23625,2000,17.28,2000,0.1431,2010,0.0477,2010,1.166,2010,1.3568,2010,17.28,2010,0.1431,2021,0.0477,2021,1.166,2021,1.3568,2021,17.28,2021
"Mali","MAL",0.081736842,2000,0.007157895,2000,4.737,2000,4.825894737,2000,120,2000,0.107,2010,0.004,2010,5.075,2010,5.186,2010,120,2010,0.107,2021,0.004,2021,5.075,2021,5.186,2021,120,2021
"Mauritania","MAU",0.0759,2000,0.0253,2000,1.5,2000,1.6012,2000,11.4,2000,0.0954,2010,0.0318,2010,1.223,2010,1.3502,2010,11.4,2010,0.0954,2021,0.0318,2021,1.223,2021,1.3502,2021,11.4,2021
"Morocco","MOR",1.237,2000,0.36,2000,11.01,2000,12.61,2000,29,2000,1.063,2010,0.212,2010,9.156,2010,10.431,2010,29,2010,1.063,2021,0.212,2021,9.156,2021,10.431,2021,29,2021
"Mozambique","MOZ",0.1699,2000,0.0243,2000,0.676363636,2000,0.870563636,2000,217.1,2000,0.31285,2010,0.0306,2010,0.938142857,2010,1.281592857,2010,217.1,2010,0.372,2021,0.025,2021,1.076,2021,1.473,2021,217.1,2021
"Namibia","NAM",0.073,2000,0.014,2000,0.213,2000,0.3,2000,39.91,2000,0.0648095,2010,0.01571,2010,0.201,2010,0.2815195,2010,39.91,2010,0.06156818,2021,0.01861,2021,0.201,2021,0.12901,2021,39.91,2021
"Niger","NIG",0.2554,2000,0.0284,2000,0.584,2000,0.8678,2000,34.05,2000,0.128185714,2010,0.019128571,2010,1.027333333,2010,1.174647619,2010,34.05,2010,0.193247,2021,0.0386538,2021,2.351407,2021,2.5833078,2021,34.05,2021
"Nigeria","NIR",3.242,2000,1.554,2000,5.51,2000,10.306,2000,286.2,2000,5,2010,1.965,2010,5.51,2010,12.475,2010,286.2,2010,5,2021,1.965,2021,5.51,2021,12.475,2021,286.2,2021
"Rwanda","RWA",0.036,2000,0.012,2000,0.102,2000,0.15,2000,13.3,2000,0.121614286,2010,0.01675,2010,0.237789474,2010,0.376153759,2010,13.3,2010,0.23,2021,0.01,2021,0.361,2021,0.61,2021,13.3,2021
"Senegal","SEN",0.1,2000,0.06,2000,1.43,2000,1.59,2000,38.97,2000,0.190426667,2010,0.027986059,2010,2.138954933,2010,2.357367659,2010,38.97,2010,0.261,2021,0.001415764,2021,2.7586822,2021,3.021097964,2021,38.97,2021
"Sierra Leone","SIL",0.0955,2000,0.0477,2000,0.0457,2000,0.1889,2000,160,2000,0.111,2010,0.0555,2010,0.0457,2010,0.2122,2010,160,2010,0.111,2021,0.0555,2021,0.0457,2021,0.2122,2021,160,2021
"Somalia","SOM",0.01,2000,0,2000,3.28,2000,3.29,2000,14.7,2000,0.015,2010,0.002,2010,3.281,2010,3.298,2010,14.7,2010,0.015,2021,0.002,2021,3.281,2021,3.298,2021,14.7,2021
"South Africa","SOU",3.904,2000,1.052,2000,7.836,2000,12.792,2000,51.35,2000,4.120153846,2010,1.492769231,2010,9.262153846,2010,14.87507692,2010,51.35,2010,3.418,2021,4.164,2021,12.022,2021,19.604,2021,51.35,2021
"Eswatini","SWA",0.024,2000,0.012,2000,1.006,2000,1.042,2000,4.51,2000,0.0413,2010,0.0207,2010,1.006,2010,1.068,2010,4.51,2010,0.0413,2021,0.0207,2021,1.006,2021,1.068,2021,4.51,2021
"United Republic of Tanzania","TAN",0.500375,2000,0.0249375,2000,3.734,2000,4.2593125,2000,96.27,2000,0.527,2010,0.025,2010,4.632,2010,5.184,2010,96.27,2010,0.527,2021,0.025,2021,4.632,2021,5.184,2021,96.27,2021
"Togo","TOG",0.0846,2000,0.005066667,2000,0.08,2000,0.169666667,2000,14.7,2000,0.1407,2010,0.0063,2010,0.076,2010,0.223,2010,14.7,2010,0.1407,2021,0.0063,2021,0.076,2021,0.223,2021,14.7,2021
"Tunisia","TUN",0.365,2000,0.11,2000,2.165,2000,2.64,2000,4.615,2000,0.485803409,2010,0.160375,2010,2.613321591,2010,3.2595,2010,4.615,2010,0.8155,2021,0.0619,2021,2.71,2021,3.5874,2021,4.615,2021
"Uganda","UGA",0.1514,2000,0.0582,2000,0.12,2000,0.3296,2000,60.1,2000,0.328,2010,0.05,2010,0.259,2010,0.637,2010,60.1,2010,0.328,2021,0.05,2021,0.259,2021,0.637,2021,60.1,2021
"Zambia","ZAM",0.29,2000,0.13,2000,1.1935,2000,1.6135,2000,104.8,2000,0.29,2010,0.13,2010,1.152,2010,1.572,2010,104.8,2010,0.29,2021,0.13,2021,1.152,2021,1.572,2021,104.8,2021
"Zimbabwe","ZIM",0.533266667,2000,0.2696,2000,3.004133333,2000,3.807,2000,20,2000,0.5023625,2010,0.1649,2010,2.837375,2010,3.5046375,2010,20,2010,0.547078,2021,0.081352,2021,4.281249395,2021,4.909679395,2021,20,2021
"Gabon","GAB",0.0686,2000,0.0114,2000,0.0403,2000,0.1203,2000,166,2000,0.0847,2010,0.0141,2010,0.0403,2010,0.1391,2010,166,2010,0.0847,2021,0.0141,2021,0.0403,2021,0.1391,2021,166,2021
